Patient,Blood_Pressure_Decrease
1,-13
2,-3
3,-9
4,-7
5,-9
6,-5
7,-18
8,0
9,-18
10,-12
11,-11
12,-24
13,-8
14,-20
15,-9
16,-5
17,-20
18,-10
19,-3
20,3
21,-18
22,0
23,-9
24,-7
25,-12
26,-1
27,-8
28,-16
29,-3
30,-6
31,-29
32,-15
33,-12
34,4
35,-18
36,-8
37,2
38,-17
39,-24
40,-18
41,3
42,-2
43,-26
44,-25
45,-9
46,-10
47,-4
48,-28
49,-12
50,-14
51,-15
52,-5
53,-25
54,-13
55,-26
56,-11
57,-25
58,3
59,-20
60,-11
61,6
62,-4
63,-15
64,5
65,-13
66,-17
67,-4
68,-18
69,-4
70,-11
71,-4
72,12
73,-8
74,-10
75,-24
76,11
77,6
78,-15
79,-9
80,-5
81,-15
82,-11
